incident_id,application,issue_summary,issue_description,severity,root_cause,resolution,pattern_id,created_at,resolved_at,time_to_resolve_minutes,escalated
INC00001,Wireless,"iPhone 15 Pro - Stuck in ""SOS Only"" mode in 5G coverage area.","Customer reported: Stuck in ""SOS Only"" mode in 5G coverage area.. Device: iPhone 15 Pro. Investigation revealed network settings.",Critical,network settings,Reset Network Settings; Toggle Airplane Mode; Replace eSIM.,2,2024-11-23T00:00:00,2024-11-23T05:48:00,348,0
INC00002,Wireless,"iPhone 16 Plus - Stuck in ""SOS Only"" mode (Intermittent).","Customer reported: Stuck in ""SOS Only"" mode (Intermittent).. Device: iPhone 16 Plus. Investigation revealed software bug.",Critical,Software bug,"Update to iOS 18.2; Disable ""Satellite"" features in settings.",6,2024-05-20T00:00:00,2024-05-20T10:21:00,621,0
INC00003,Wireless,Samsung S24 Ultra - Rapid toggling between 5G and LTE (Battery drain).,Customer reported: Rapid toggling between 5G and LTE (Battery drain).. Device: Samsung S24 Ultra. Investigation revealed network configuration.,High,Network configuration,"Set Network Mode to ""LTE Only"" or ""5G On"" (disable Auto).",9,2024-02-22T00:00:00,2024-02-23T17:13:00,2473,0
INC00004,Wireless,"Google Pixel 9 - ""Modem unavailable"" error after software update.","Customer reported: ""Modem unavailable"" error after software update.. Device: Google Pixel 9. Investigation revealed software bug.",Critical,Software bug,"Clear ""Carrier Services"" app cache; Hard Reboot.",6,2024-08-04T00:00:00,2024-08-04T03:05:00,185,0
INC00005,Wireless,iPhone 14 - 5G UW icon shows but data speed is < 1 Mbps.,Customer reported: 5G UW icon shows but data speed is < 1 Mbps.. Device: iPhone 14. Investigation revealed network settings.,Low,network settings,"Reset Network Settings; Toggle ""5G Standalone"" Off.",2,2024-04-21T00:00:00,2024-04-22T10:45:00,2085,0
INC00006,Wireless,Samsung S23 - Dropped calls when switching from Wi-Fi to Cellula...,Customer reported: Dropped calls when switching from Wi-Fi to Cellular.. Device: Samsung S23. Investigation revealed configuration error.,Critical,Configuration error,"Disable ""Wi-Fi Calling"" or ""Intelligent Wi-Fi"" switch.",10,2024-09-15T00:00:00,2024-09-15T22:32:00,1352,0
INC00007,Wireless,iPhone 13 Mini - Overheating during 5G Facetime calls.,Customer reported: Overheating during 5G Facetime calls.. Device: iPhone 13 Mini. Investigation revealed configuration error.,Low,Configuration error,"Switch Data Mode to ""Low Data Mode"" to throttle heat.",10,2024-04-11T00:00:00,2024-04-14T19:43:00,5503,0
INC00008,Wireless,Motorola Edge+ - Visual Voicemail app crashes on launch.,Customer reported: Visual Voicemail app crashes on launch.. Device: Motorola Edge+. Investigation revealed configuration error.,Low,Configuration error,"Uninstall updates to ""VVM"" app; Clear App Data.",10,2024-10-06T00:00:00,2024-10-08T12:16:00,3616,0
INC00009,Wireless,"iPad Pro (M4) - ""No Service"" on Data-only plan.","Customer reported: ""No Service"" on Data-only plan.. Device: iPad Pro (M4). Investigation revealed esim provisioning issue.",Low,eSIM provisioning issue,Reprovision IMEI in billing system; Reset APN settings.,1,2024-04-22T00:00:00,2024-04-24T16:19:00,3859,0
INC00010,Wireless,Apple Watch Ultra 2 - NumberShare failing to ring on incoming call.,Customer reported: NumberShare failing to ring on incoming call.. Device: Apple Watch Ultra 2. Investigation revealed configuration error.,Low,Configuration error,"Unpair/Re-pair Watch; ""Remove Cellular Plan"" and re-add.",10,2024-10-28T00:00:00,2024-10-29T16:58:00,2458,0
INC00011,Wireless,"Galaxy Watch 7 - ""Emergency Calls Only"" despite active plan.","Customer reported: ""Emergency Calls Only"" despite active plan.. Device: Galaxy Watch 7. Investigation revealed configuration error.",Medium,Configuration error,"Enable ""VoLTE Roaming"" on Watch settings; Sync with Phone.",10,2024-01-04T00:00:00,2024-01-06T11:48:00,3588,0
INC00012,Wireless,iPhone SE (3rd Gen) - Failed to receive SMS 2FA codes (Bank/Uber).,Customer reported: Failed to receive SMS 2FA codes (Bank/Uber).. Device: iPhone SE (3rd Gen). Investigation revealed hardware failure.,Medium,Hardware failure,Whitelist Short Codes (225-999); Call VZ to sync SMS Gateway.,6,2024-03-22T00:00:00,2024-03-24T07:39:00,3339,0
INC00013,Wireless,"Pixel 8a - RCS Chat ""Status: Connecting"" indefinitely.","Customer reported: RCS Chat ""Status: Connecting"" indefinitely.. Device: Pixel 8a. Investigation revealed cache corruption.",Low,Cache corruption,Turn off RCS; Airplane Mode ON; Clear Msgs Cache; Turn RCS ON.,15,2024-08-04T00:00:00,2024-08-06T01:27:00,2967,0
INC00014,Wireless,"iPhone 15 - ""Call Failed"" immediately upon dialing.","Customer reported: ""Call Failed"" immediately upon dialing.. Device: iPhone 15. Investigation revealed network configuration.",Low,Network configuration,Update Carrier Settings (About > General); Dial *73 to disable forwarding.,9,2024-05-22T00:00:00,2024-05-23T00:13:00,1453,0
INC00015,Wireless,Galaxy Z Flip 6 - Screen flickers when switching 5G bands.,Customer reported: Screen flickers when switching 5G bands.. Device: Galaxy Z Flip 6. Investigation revealed configuration error.,Low,Configuration error,"Disable ""Motion Smoothness"" (Hardware bug); wait for OneUI patch.",10,2024-04-20T00:00:00,2024-04-22T00:57:00,2937,0
INC00016,Wireless,Kyocera DuraForce - Push-to-Talk (PTT) Plus app login failure.,Customer reported: Push-to-Talk (PTT) Plus app login failure.. Device: Kyocera DuraForce. Investigation revealed configuration error.,Critical,Configuration error,"Remove ""Business Productivity"" SOC code and re-add.",10,2024-02-22T00:00:00,2024-02-22T05:09:00,309,0
INC00017,Wireless,Orbic Speed 5G - Hotspot disconnects every 15 minutes.,Customer reported: Hotspot disconnects every 15 minutes.. Device: Orbic Speed 5G. Investigation revealed configuration error.,Critical,Configuration error,"Change ""Sleep Settings"" in Web Admin (192.168.1.1) to ""Never"".",10,2024-07-02T00:00:00,2024-07-02T13:44:00,824,1
INC00018,Wireless,"Inseego MiFi X Pro - ""SIM Invalid"" error after firmware update.","Customer reported: ""SIM Invalid"" error after firmware update.. Device: Inseego MiFi X Pro. Investigation revealed modem firmware issue.",Low,Modem firmware issue,Factory Reset device (Pin hole); Replace Physical SIM.,14,2024-01-23T00:00:00,2024-01-25T17:43:00,3943,0
INC00019,Wireless,iPhone 12 - Cannot send photos (MMS) over Wi-Fi Calling.,Customer reported: Cannot send photos (MMS) over Wi-Fi Calling.. Device: iPhone 12. Investigation revealed configuration error.,Low,Configuration error,"Enable ""Send as SMS"" fallback; turn off Wi-Fi Calling for MMS.",10,2024-10-01T00:00:00,2024-10-01T20:02:00,1202,0
INC00020,Wireless,Samsung A54 - GPS drifting while on 5G UW network.,Customer reported: GPS drifting while on 5G UW network.. Device: Samsung A54. Investigation revealed configuration error.,Low,Configuration error,"Disable ""Google Location Accuracy"" (High Accuracy) momentarily.",10,2024-07-12T00:00:00,2024-07-12T13:45:00,825,0
INC00021,Fios,CR1000A Router - Solid Yellow Light (No Internet) - Morning.,Customer reported: Solid Yellow Light (No Internet) - Morning.. Device: CR1000A Router. Investigation revealed ip lease issue.,Low,IP lease issue,Power Cycle ONT; Release/Renew WAN IP lease.,8,2024-10-09T00:00:00,2024-10-10T19:01:00,2581,0
INC00022,Fios,CR1000B Router - Solid Yellow Light (No Internet) - Evening.,Customer reported: Solid Yellow Light (No Internet) - Evening.. Device: CR1000B Router. Investigation revealed configuration error.,Low,Configuration error,Disable IPv6 in Router Admin (Intel NIC compatibility bug).,3,2024-11-17T00:00:00,2024-11-20T15:26:00,5246,0
INC00023,Wireless,"G3100 Router - ""DFS Channel"" switching drops 5GHz Wi-Fi.","Customer reported: ""DFS Channel"" switching drops 5GHz Wi-Fi.. Device: G3100 Router. Investigation revealed configuration error.",Low,Configuration error,Manually set 5GHz channel to 149 or 157 (Non-DFS).,10,2024-07-04T00:00:00,2024-07-07T09:49:00,4909,0
INC00024,Fios,"E3200 Extender - ""Coax Link"" light off (MoCA failure).","Customer reported: ""Coax Link"" light off (MoCA failure).. Device: E3200 Extender. Investigation revealed splitter issue.",Critical,Splitter issue,Check splitters (Must be 1675MHz); Reseat Coax cable.,4,2024-04-08T00:00:00,2024-04-08T04:22:00,262,0
INC00025,Fios,"Fios TV One - Remote Voice Command ""Network Error"".","Customer reported: Remote Voice Command ""Network Error"".. Device: Fios TV One. Investigation revealed configuration error.",Low,Configuration error,Re-pair remote (Play/Pause + 0); Reboot STB.,3,2024-04-26T00:00:00,2024-04-27T18:30:00,2550,0
INC00026,Fios,"Fios TV Mini - ""Box not found"" error on multi-room DVR.","Customer reported: ""Box not found"" error on multi-room DVR.. Device: Fios TV Mini. Investigation revealed configuration error.",Low,Configuration error,"Check ""IGMP Snooping"" enabled on router; Ensure same subnet.",3,2024-02-10T00:00:00,2024-02-11T10:47:00,2087,0
INC00027,Fios,"ONT (Alcatel) - ""Fail"" Light Red (Loss of Signal).","Customer reported: ""Fail"" Light Red (Loss of Signal).. Device: ONT (Alcatel). Investigation revealed configuration error.",Low,Configuration error,Technician dispatch required (Fiber cut/bend).,3,2024-02-21T00:00:00,2024-02-23T06:53:00,3293,0
INC00028,Fios,"ONT (Nokia) - ""Vid"" Light Red (No TV Signal).","Customer reported: ""Vid"" Light Red (No TV Signal).. Device: ONT (Nokia). Investigation revealed splitter issue.",Low,Splitter issue,Check RF Coax output on ONT; Replace Coax tip.,4,2024-05-22T00:00:00,2024-05-24T16:54:00,3894,0
INC00029,Fios,Battery Backup - Beeping every 15 mins (Battery Dead).,Customer reported: Beeping every 15 mins (Battery Dead).. Device: Battery Backup. Investigation revealed configuration error.,Low,Configuration error,"Remove 12V Battery; Press ""Alarm Silence"" (Blue Button).",3,2024-11-21T00:00:00,2024-11-23T04:48:00,3168,0
INC00030,Fios,VMS4100 DVR - Recordings deleting early (90% full).,Customer reported: Recordings deleting early (90% full).. Device: VMS4100 DVR. Investigation revealed configuration error.,Critical,Configuration error,"Change ""Keep Until"" setting to ""I delete""; Upgrade DVR storage.",3,2024-03-24T00:00:00,2024-03-24T14:38:00,878,0
INC00031,Fios,"Streaming - ""User Not Authorized"" on ESPN app.","Customer reported: ""User Not Authorized"" on ESPN app.. Device: Streaming. Investigation revealed configuration error.",Low,Configuration error,Unlink/Relink Provider in App Settings; Reset VZ Password.,3,2024-05-16T00:00:00,2024-05-19T19:28:00,5488,0
INC00032,Fios,Installation - Buried drop wire cut by landscaper.,Customer reported: Buried drop wire cut by landscaper.. Device: Installation. Investigation revealed configuration error.,Low,Configuration error,"Call 811 (Dig Safe); Schedule ""Temporary Drop"" dispatch.",3,2024-02-06T00:00:00,2024-02-09T14:10:00,5170,0
INC00033,Fios,Speed - 1 Gig plan showing 100 Mbps (Cap).,Customer reported: 1 Gig plan showing 100 Mbps (Cap).. Device: Speed. Investigation revealed configuration error.,Low,Configuration error,Check Ethernet Cable (Cat5e/Cat6); Check NIC Duplex settings.,3,2024-11-21T00:00:00,2024-11-22T02:21:00,1581,0
INC00034,Fios,Latency - High ping (100ms+) on Local server.,Customer reported: High ping (100ms+) on Local server.. Device: Latency. Investigation revealed configuration error.,Low,Configuration error,Trace-route to check hops; Disable IPv6; Factory Reset Router.,3,2024-09-30T00:00:00,2024-10-01T12:25:00,2185,0
INC00035,Wireless,Wi-Fi - Smart Plugs (2.4GHz) won't connect.,Customer reported: Smart Plugs (2.4GHz) won't connect.. Device: Wi-Fi. Investigation revealed configuration error.,Low,Configuration error,Disable SON (Self-Organizing Network); Separate 2.4/5GHz SSIDs.,10,2024-03-24T00:00:00,2024-03-26T18:06:00,3966,0
INC00036,Wireless,Gateway (ASK-NCQ) - Red Blinking Light (No Signal).,Customer reported: Red Blinking Light (No Signal).. Device: Gateway (ASK-NCQ). Investigation revealed configuration error.,Low,Configuration error,Rotate device 90 degrees; Move to different window.,10,2024-07-13T00:00:00,2024-07-14T15:51:00,2391,0
INC00037,Wireless,Gateway (ARC-XCI) - Red Blinking Light (Overheating).,Customer reported: Red Blinking Light (Overheating).. Device: Gateway (ARC-XCI). Investigation revealed configuration error.,Low,Configuration error,Unplug for 10m; Add external fan; Keep out of direct sun.,10,2024-11-23T00:00:00,2024-11-26T07:02:00,4742,0
INC00038,Wireless,"Gateway (LVSKIHP) - ""Geo-Fence"" Lock (Moved Address).","Customer reported: ""Geo-Fence"" Lock (Moved Address).. Device: Gateway (LVSKIHP). Investigation revealed configuration error.",Low,Configuration error,"Call Support to update ""Service Address"" GPS coordinates.",10,2024-04-22T00:00:00,2024-04-23T23:16:00,2836,0
INC00039,Wireless,Gaming - NAT Type 3 (Strict) - Voice Chat Blocked.,Customer reported: NAT Type 3 (Strict) - Voice Chat Blocked.. Device: Gaming. Investigation revealed configuration error.,Low,Configuration error,Enable UPnP; Use DMZ for Console IP (Security Risk).,10,2024-01-29T00:00:00,2024-01-30T10:16:00,2056,0
INC00040,Wireless,Streaming - 4K Video Buffering (Throttled).,Customer reported: 4K Video Buffering (Throttled).. Device: Streaming. Investigation revealed hardware failure.,Low,Hardware failure,VPN usage (sometimes bypasses video shaper); Reboot Gateway.,6,2024-01-17T00:00:00,2024-01-18T22:04:00,2764,0
INC00041,Wireless,Connection - Dropping connection at 5 PM daily.,Customer reported: Dropping connection at 5 PM daily.. Device: Connection. Investigation revealed tower congestion.,High,Tower congestion,Tower congestion; nothing user can do (Network Management).,11,2024-07-24T00:00:00,2024-07-24T22:16:00,1336,0
INC00042,Wireless,"Account - ""One Verizon ID"" login loop.","Customer reported: ""One Verizon ID"" login loop.. Device: Account. Investigation revealed configuration error.",Critical,Configuration error,Use Incognito Window; Unlink Fios/Wireless accounts.,10,2024-10-17T00:00:00,2024-10-17T12:44:00,764,0
INC00043,Wireless,Account - Cannot view PDF Bill (White Screen).,Customer reported: Cannot view PDF Bill (White Screen).. Device: Account. Investigation revealed configuration error.,Low,Configuration error,Disable Ad-blocker; Try My Verizon App instead of Desktop.,10,2024-09-12T00:00:00,2024-09-14T09:01:00,3421,0
INC00044,Wireless,Promo - Missing $800 Trade-in Credit (iPhone 15).,Customer reported: Missing $800 Trade-in Credit (iPhone 15).. Device: Promo. Investigation revealed configuration error.,Low,Configuration error,File PCA (Promo Correction); Provide Submission ID.,10,2024-11-25T00:00:00,2024-11-27T17:38:00,3938,0
INC00045,Wireless,Promo - Missing $1000 Trade-in Credit (Galaxy S24).,Customer reported: Missing $1000 Trade-in Credit (Galaxy S24).. Device: Promo. Investigation revealed configuration error.,Low,Configuration error,"File PCA; Verify ""Premium"" plan requirement met.",10,2024-03-14T00:00:00,2024-03-15T15:09:00,2349,0
INC00046,Wireless,Promo - Missing $200 Switcher Rebate (Gift Card).,Customer reported: Missing $200 Switcher Rebate (Gift Card).. Device: Promo. Investigation revealed configuration error.,Low,Configuration error,"Check ""Digital Reward Center""; Resubmit receipt image.",10,2024-03-12T00:00:00,2024-03-13T12:40:00,2200,0
INC00047,Wireless,"Fee - ""Legacy Plan Adjustment"" ($4/mo).","Customer reported: ""Legacy Plan Adjustment"" ($4/mo).. Device: Fee. Investigation revealed configuration error.",Critical,Configuration error,"Change plan to ""Unlimited Welcome"" or ""Plus"".",10,2024-10-14T00:00:00,2024-10-14T20:23:00,1223,0
INC00048,Wireless,"Fee - ""Economic Adjustment Charge"" ($2.98).","Customer reported: ""Economic Adjustment Charge"" ($2.98).. Device: Fee. Investigation revealed configuration error.",Low,Configuration error,Mandatory fee on Business accounts; cannot remove.,10,2024-10-26T00:00:00,2024-10-28T13:29:00,3689,0
INC00049,Wireless,Discount - $10 Autopay Discount Removed.,Customer reported: $10 Autopay Discount Removed.. Device: Discount. Investigation revealed configuration error.,Low,Configuration error,Re-add Debit Card or VZ Visa (Credit Cards ineligible).,10,2024-10-25T00:00:00,2024-10-27T09:31:00,3451,0
INC00050,Wireless,Discount - Nurse/Teacher Discount Dropped.,Customer reported: Nurse/Teacher Discount Dropped.. Device: Discount. Investigation revealed configuration error.,Critical,Configuration error,Re-verify via ID.me or SheerID portal; waits 1-2 cycles.,10,2024-07-04T00:00:00,2024-07-04T09:29:00,569,1
INC00051,Wireless,Discount - Mobile + Home Level 3 ($10) Missing.,Customer reported: Mobile + Home Level 3 ($10) Missing.. Device: Discount. Investigation revealed configuration error.,Low,Configuration error,"Ensure both accounts have same ""Last Name"" and ""Billing Address"".",10,2024-03-11T00:00:00,2024-03-14T00:34:00,4354,0
INC00052,Wireless,"Usage - ""Data Usage"" Meter shows 0 GB.","Customer reported: ""Data Usage"" Meter shows 0 GB.. Device: Usage. Investigation revealed configuration error.",Low,Configuration error,App Glitch; check usage via #DATA (#3282) dialer code.,10,2024-09-09T00:00:00,2024-09-09T15:24:00,924,0
INC00053,Wireless,"Disney+ - ""Subscription Expired"" error.","Customer reported: ""Subscription Expired"" error.. Device: Disney+. Investigation revealed configuration error.",Low,Configuration error,"Activate via ""Services & Perks"" in App; Re-login Disney+.",10,2024-01-25T00:00:00,2024-01-25T17:58:00,1078,0
INC00054,Fios,"Apple Music - ""Contact Carrier"" error on launch.","Customer reported: ""Contact Carrier"" error on launch.. Device: Apple Music. Investigation revealed configuration error.",Low,Configuration error,"Toggle ""Apple Music"" OFF/ON in ""Add-ons""; Re-link Apple ID.",3,2024-03-19T00:00:00,2024-03-22T16:40:00,5320,0
INC00055,Wireless,Return - Charged for Non-Returned Device (Sent).,Customer reported: Charged for Non-Returned Device (Sent).. Device: Return. Investigation revealed configuration error.,Low,Configuration error,"Provide UPS Drop-off Receipt; Open ""Warehouse Research"" tkt.",10,2024-03-22T00:00:00,2024-03-25T23:54:00,5754,0
INC00056,Wireless,Activation - Double Activation Fee ($70).,Customer reported: Double Activation Fee ($70).. Device: Activation. Investigation revealed configuration error.,Low,Configuration error,"Credit Request; explain ""System Error"" during online checkout.",10,2024-08-04T00:00:00,2024-08-07T12:25:00,5065,0
INC00057,Wireless,"Cart - ""Pending Order"" prevents upgrade.","Customer reported: ""Pending Order"" prevents upgrade.. Device: Cart. Investigation revealed configuration error.",Low,Configuration error,"Call Sales Support to ""Kill"" the ghost order in OMNI system.",10,2024-02-02T00:00:00,2024-02-04T07:32:00,3332,0
INC00058,Wireless,"Store - ""In-Store Pickup"" cancelled by system.","Customer reported: ""In-Store Pickup"" cancelled by system.. Device: Store. Investigation revealed configuration error.",Low,Configuration error,Inventory mismatch; Order must be re-placed for shipping.,10,2024-07-14T00:00:00,2024-07-17T12:21:00,5061,0
INC00059,Wireless,"Chat - Bot loops ""I don't understand"".","Customer reported: Bot loops ""I don't understand"".. Device: Chat. Investigation revealed configuration error.",Critical,Configuration error,"Type ""Agent"" 3 times; Select ""Tech Support"" not ""Billing"".",10,2024-08-27T00:00:00,2024-08-27T20:03:00,1203,0
INC00060,Wireless,"Phone - ""Wait time 5 min"" -> 1 hour hold.","Customer reported: ""Wait time 5 min"" -> 1 hour hold.. Device: Phone. Investigation revealed configuration error.",Low,Configuration error,"Schedule ""Call Back"" via App; Call 8 AM EST sharp.",10,2024-10-10T00:00:00,2024-10-10T04:34:00,274,0
INC00061,Wireless,Store - Rep refused return (Franchise Store).,Customer reported: Rep refused return (Franchise Store).. Device: Store. Investigation revealed configuration error.,Low,Configuration error,"Verify if ""Authorized Retailer"" (Victra/TCC); Go to Corp Store.",10,2024-02-28T00:00:00,2024-03-02T04:18:00,4578,0
INC00062,Wireless,App - App crashes on iOS 18 Beta.,Customer reported: App crashes on iOS 18 Beta.. Device: App. Investigation revealed configuration error.,Low,Configuration error,Wait for App Store update; Use Mobile Web (https://www.google.com/search?q=m.verizon.com).,10,2024-05-16T00:00:00,2024-05-19T18:30:00,5430,0
INC00063,Wireless,"iPhone 15 Pro - eSIM ""Unable to Activate"".","Customer reported: eSIM ""Unable to Activate"".. Device: iPhone 15 Pro. Investigation revealed esim provisioning issue.",Low,eSIM provisioning issue,Connect to Wi-Fi; Scan QR code provided by Chat Support.,1,2024-06-23T00:00:00,2024-06-23T18:13:00,1093,0
INC00064,Wireless,"Galaxy S23 Ultra - ""Not Registered on Network"".","Customer reported: ""Not Registered on Network"".. Device: Galaxy S23 Ultra. Investigation revealed network settings.",Low,network settings,Remove SIM; Clean contacts; Re-insert; Reset Network Settings.,2,2024-05-30T00:00:00,2024-06-01T14:21:00,3741,0
INC00065,Wireless,Pixel 7 Pro - Dropped calls in elevator.,Customer reported: Dropped calls in elevator.. Device: Pixel 7 Pro. Investigation revealed configuration error.,Critical,Configuration error,Normal physics (Faraday cage); Use Wi-Fi Calling.,10,2024-03-21T00:00:00,2024-03-21T17:29:00,1049,0
INC00066,Wireless,iPhone 14 Plus - CarPlay disconnects near 5G towers.,Customer reported: CarPlay disconnects near 5G towers.. Device: iPhone 14 Plus. Investigation revealed tower congestion.,Low,Tower congestion,Use wired CarPlay (High quality cable); Disable Wi-Fi on phone.,11,2024-05-14T00:00:00,2024-05-16T23:20:00,4280,0
INC00067,Wireless,Moto G Stylus - Cannot enable Hotspot (Authentication).,Customer reported: Cannot enable Hotspot (Authentication).. Device: Moto G Stylus. Investigation revealed authentication failure.,Low,Authentication failure,Check Plan features (Starter Unlimited has no hotspot).,9,2024-04-01T00:00:00,2024-04-04T00:18:00,4338,0
INC00068,Wireless,Jetpack 8800L - Battery swelling.,Customer reported: Battery swelling.. Device: Jetpack 8800L. Investigation revealed configuration error.,Low,Configuration error,Remove battery immediately; Run on USB power if supported.,10,2024-02-24T00:00:00,2024-02-27T16:22:00,5302,0
INC00069,Wireless,"iPad Air 5 - ""Plan not active"" after payment.","Customer reported: ""Plan not active"" after payment.. Device: iPad Air 5. Investigation revealed esim provisioning issue.",Low,eSIM provisioning issue,"Power cycle iPad; ""Reprovision Data"" via carrier settings.",1,2024-06-01T00:00:00,2024-06-04T18:14:00,5414,0
INC00070,Wireless,TravelPass - Charged $10/day while on Airplane Mode.,Customer reported: Charged $10/day while on Airplane Mode.. Device: TravelPass. Investigation revealed configuration error.,Low,Configuration error,"Disable ""Roaming"" before flight; ""Wi-Fi Calling"" triggers fee.",10,2024-09-16T00:00:00,2024-09-19T14:08:00,5168,0
INC00071,Wireless,CR1000A - 5GHz Band disappearing.,Customer reported: 5GHz Band disappearing.. Device: CR1000A. Investigation revealed configuration error.,Low,Configuration error,"Disable ""DFS Channels"" in Advanced Wireless Settings.",10,2024-04-11T00:00:00,2024-04-11T23:52:00,1432,0
INC00072,Fios,Extender - Solid Yellow Light (Too far).,Customer reported: Solid Yellow Light (Too far).. Device: Extender. Investigation revealed configuration error.,Low,Configuration error,Move Extender closer to Router (White light = Good).,3,2024-07-10T00:00:00,2024-07-11T01:03:00,1503,0
INC00073,Fios,"TV Guide - ""To Be Announced"" on all channels.","Customer reported: ""To Be Announced"" on all channels.. Device: TV Guide. Investigation revealed configuration error.",Low,Configuration error,Troubleshoot > Fix Fios TV > Reload Guide Data.,3,2024-10-03T00:00:00,2024-10-06T03:24:00,4524,0
INC00074,Fios,"VOD - ""Error VMS_1067"" (Stream limit).","Customer reported: ""Error VMS_1067"" (Stream limit).. Device: VOD. Investigation revealed configuration error.",Low,Configuration error,Stop playback on other STBs; Reboot Main VMS Server box.,3,2024-01-01T00:00:00,2024-01-04T12:46:00,5086,0
INC00075,Fios,Install - Tech didn't install Ethernet in walls.,Customer reported: Tech didn't install Ethernet in walls.. Device: Install. Investigation revealed configuration error.,Low,Configuration error,Not standard scope; Techs only drill exterior->interior.,3,2024-06-14T00:00:00,2024-06-16T21:42:00,4182,0
INC00076,Fios,Speed - Wi-Fi slow on 2nd Floor.,Customer reported: Wi-Fi slow on 2nd Floor.. Device: Speed. Investigation revealed splitter issue.,High,Splitter issue,Add Fios Extender (hardwired via Coax/MoCA preferred).,4,2024-01-10T00:00:00,2024-01-10T11:38:00,698,1
INC00077,Fios,"Security - ""McAfee Home"" blocking work VPN.","Customer reported: ""McAfee Home"" blocking work VPN.. Device: Security. Investigation revealed configuration error.",Low,Configuration error,"Disable ""Home Network Protection"" in My Fios App.",3,2024-06-06T00:00:00,2024-06-07T11:41:00,2141,0
INC00078,Wireless,"Gateway - ""Weak Signal"" (1 Bar).","Customer reported: ""Weak Signal"" (1 Bar).. Device: Gateway. Investigation revealed configuration error.",Low,Configuration error,"Move to higher floor; Check ""Compass"" tool in VZ App.",10,2024-01-30T00:00:00,2024-01-31T11:53:00,2153,0
INC00079,Wireless,Audio - SIP ALG blocking VoIP phones.,Customer reported: SIP ALG blocking VoIP phones.. Device: Audio. Investigation revealed configuration error.,Low,Configuration error,"Disable ""SIP ALG"" in Router Firewall settings.",10,2024-10-17T00:00:00,2024-10-17T13:45:00,825,0
INC00080,Wireless,Trade-in - Value dropped from $800 to $0 (Damaged).,Customer reported: Value dropped from $800 to $0 (Damaged).. Device: Trade-in. Investigation revealed configuration error.,Critical,Configuration error,Dispute condition; Request photos of damage from warehouse.,10,2024-02-13T00:00:00,2024-02-13T18:35:00,1115,1
INC00081,Wireless,"Upgrade - ""Early Upgrade"" requires device return.","Customer reported: ""Early Upgrade"" requires device return.. Device: Upgrade. Investigation revealed configuration error.",Low,Configuration error,Mail back old device within 14 days or pay full balance.,10,2024-09-29T00:00:00,2024-09-29T20:10:00,1210,0
INC00082,Wireless,BOGO - BOGO Credit stopped after plan change.,Customer reported: BOGO Credit stopped after plan change.. Device: BOGO. Investigation revealed configuration error.,Critical,Configuration error,"Switch back to eligible ""Premium"" plan; Request SOC re-add.",10,2024-03-06T00:00:00,2024-03-06T18:13:00,1093,1
INC00083,Wireless,"Insurance - Charged for ""Verizon Mobile Protect"".","Customer reported: Charged for ""Verizon Mobile Protect"".. Device: Insurance. Investigation revealed configuration error.",Low,Configuration error,Remove via App > Add-ons; Pro-rated refund next bill.,10,2024-03-25T00:00:00,2024-03-26T15:11:00,2351,0
INC00084,Wireless,"Cloud - Charged for ""VZ Cloud 600GB"".","Customer reported: Charged for ""VZ Cloud 600GB"".. Device: Cloud. Investigation revealed configuration error.",Low,Configuration error,Remove via App; Download data before deletion (30 days).,10,2024-09-27T00:00:00,2024-09-30T13:49:00,5149,0
INC00085,Wireless,Callback - System called back and hung up.,Customer reported: System called back and hung up.. Device: Callback. Investigation revealed configuration error.,Low,Configuration error,Glitch; Call directly (800-922-0204).,10,2024-08-04T00:00:00,2024-08-05T07:55:00,1915,0
INC00086,Wireless,Twitter - No response to DM for 24 hours.,Customer reported: No response to DM for 24 hours.. Device: Twitter. Investigation revealed configuration error.,Low,Configuration error,"Post publicly to trigger ""Social Media Team"" escalation.",10,2024-10-03T00:00:00,2024-10-04T06:27:00,1827,0
INC00087,Wireless,"iPhone 11 - ""SIM Failure"".","Customer reported: ""SIM Failure"".. Device: iPhone 11. Investigation revealed esim provisioning issue.",Critical,eSIM provisioning issue,Replace physical SIM; Upgrade to device with eSIM.,1,2024-06-08T00:00:00,2024-06-08T15:37:00,937,1
INC00088,Wireless,Galaxy Note 20 - Green line on screen (Hardware).,Customer reported: Green line on screen (Hardware).. Device: Galaxy Note 20. Investigation revealed configuration error.,Low,Configuration error,Warranty replacement (if under protection); else trade-in.,10,2024-07-10T00:00:00,2024-07-12T14:48:00,3768,0
INC00089,Wireless,Pixel 6 - Fingerprint sensor slow on VZ model.,Customer reported: Fingerprint sensor slow on VZ model.. Device: Pixel 6. Investigation revealed configuration error.,High,Configuration error,Update Android OS; Remove/Re-add fingerprint.,10,2024-09-21T00:00:00,2024-09-22T10:49:00,2089,0
INC00090,Wireless,"iPhone 16 - ""Satellite Connection"" demo loop.","Customer reported: ""Satellite Connection"" demo loop.. Device: iPhone 16. Investigation revealed configuration error.",Critical,Configuration error,"Force close ""Find My""; Update iOS.",10,2024-04-25T00:00:00,2024-04-25T04:11:00,251,0
INC00091,Wireless,"Galaxy A14 - ""Mobile Data"" greyed out.","Customer reported: ""Mobile Data"" greyed out.. Device: Galaxy A14. Investigation revealed network settings.",Low,network settings,"Check ""Data Limit"" in Android settings; Reset Network.",2,2024-10-28T00:00:00,2024-10-31T06:37:00,4717,0
INC00092,Wireless,TCL Flip Pro - Keypad typing double numbers.,Customer reported: Keypad typing double numbers.. Device: TCL Flip Pro. Investigation revealed configuration error.,Low,Configuration error,Accessibility Settings > Key Repeat > Turn Off/Adjust.,10,2024-04-27T00:00:00,2024-04-30T11:20:00,5000,0
INC00093,Wireless,Kyocera - Rugged phone screen unresponsive.,Customer reported: Rugged phone screen unresponsive.. Device: Kyocera. Investigation revealed configuration error.,Low,Configuration error,Hard Reset (Power + Vol Down); Warranty claim.,10,2024-04-22T00:00:00,2024-04-22T03:58:00,238,0
INC00094,Wireless,iPhone XR - FaceID failed after drop.,Customer reported: FaceID failed after drop.. Device: iPhone XR. Investigation revealed configuration error.,Low,Configuration error,Hardware damage; Insurance claim (Asurion).,10,2024-02-06T00:00:00,2024-02-09T17:09:00,5349,0
INC00095,Wireless,Galaxy S21 - Moisture detected in port (False).,Customer reported: Moisture detected in port (False).. Device: Galaxy S21. Investigation revealed cache corruption.,Low,Cache corruption,"Clean port with toothpick; Clear ""USBSettings"" cache.",15,2024-01-31T00:00:00,2024-02-01T10:15:00,2055,0
INC00096,Fios,Router - WPS Button not working for Printer.,Customer reported: WPS Button not working for Printer.. Device: Router. Investigation revealed configuration error.,Low,Configuration error,Access Admin UI; Trigger WPS Soft-button manually.,3,2024-02-04T00:00:00,2024-02-04T07:17:00,437,0
INC00097,Fios,"TV - ""Channel Not Subscribed"" (HBO).","Customer reported: ""Channel Not Subscribed"" (HBO).. Device: TV. Investigation revealed configuration error.",Low,Configuration error,Check bill; Refresh permissions via automated phone system.,3,2024-06-18T00:00:00,2024-06-18T12:40:00,760,0
INC00098,Fios,Voice - Static on Landline.,Customer reported: Static on Landline.. Device: Voice. Investigation revealed configuration error.,Low,Configuration error,"Test phone at NID (Outside box); if clear, inside wiring issue.",3,2024-09-20T00:00:00,2024-09-21T11:29:00,2129,0
INC00099,Fios,DVR - Fan noise loud.,Customer reported: Fan noise loud.. Device: DVR. Investigation revealed configuration error.,Low,Configuration error,Dust accumulation; Swap box at Fios Store.,3,2024-05-22T00:00:00,2024-05-25T22:20:00,5660,0
INC00100,Fios,Remote - Batteries draining in 2 weeks.,Customer reported: Batteries draining in 2 weeks.. Device: Remote. Investigation revealed configuration error.,High,Configuration error,"""Tilt to Wake"" sensitivity too high; Disable feature.",3,2024-09-05T00:00:00,2024-09-05T18:37:00,1117,0
INC00101,Wireless,"iPhone 15 - ""Liquid Detected"" prevents charging.","Customer reported: ""Liquid Detected"" prevents charging.. Device: iPhone 15. Investigation revealed configuration error.",Low,Configuration error,Dry port; Use MagSafe wireless charger temporarily.,10,2024-10-19T00:00:00,2024-10-22T09:40:00,4900,0
INC00102,Wireless,S24 Ultra - S-Pen disconnects.,Customer reported: S-Pen disconnects.. Device: S24 Ultra. Investigation revealed configuration error.,Low,Configuration error,Reset S-Pen (Settings > Advanced > S-Pen > Reset).,10,2024-08-30T00:00:00,2024-08-31T12:10:00,2170,0
INC00103,Wireless,Pixel 9 - Bluetooth audio stutter.,Customer reported: Bluetooth audio stutter.. Device: Pixel 9. Investigation revealed configuration error.,Critical,Configuration error,Change AVRCP version in Developer Options to 1.4/1.6.,10,2024-08-30T00:00:00,2024-08-30T15:53:00,953,0
INC00104,Wireless,iPhone 14 - Camera shakes in 3rd party apps.,Customer reported: Camera shakes in 3rd party apps.. Device: iPhone 14. Investigation revealed configuration error.,Critical,Configuration error,Update App (Instagram/Snapchat); Hardware OIS failure.,10,2024-02-19T00:00:00,2024-02-19T16:42:00,1002,0
INC00105,Wireless,"Motorola - ""Hello Moto"" boot loop.","Customer reported: ""Hello Moto"" boot loop.. Device: Motorola. Investigation revealed configuration error.",Critical,Configuration error,Factory Reset via Recovery Mode (Vol Down + Power).,10,2024-07-29T00:00:00,2024-07-29T17:56:00,1076,1
INC00106,Wireless,Late Fee - Charged $5 late fee on AutoPay.,Customer reported: Charged $5 late fee on AutoPay.. Device: Late Fee. Investigation revealed configuration error.,Low,Configuration error,"Check ""Payment Date""; Adjust date to 2 days before due.",10,2024-01-28T00:00:00,2024-01-31T22:56:00,5696,0
INC00107,Wireless,Credit - Credit Balance Refund Check not received.,Customer reported: Credit Balance Refund Check not received.. Device: Credit. Investigation revealed configuration error.,Low,Configuration error,"Verify address; Request ""Stop Payment"" & Reissue check.",10,2024-11-26T00:00:00,2024-11-26T16:26:00,986,0
INC00108,Wireless,Fraud - Account Takeover (SIM Swap).,Customer reported: Account Takeover (SIM Swap).. Device: Fraud. Investigation revealed configuration error.,Low,Configuration error,Freeze Credit; Call VZ Fraud (888-483-7200).,10,2024-02-01T00:00:00,2024-02-03T09:58:00,3478,0
INC00109,Wireless,Cancel - Final Bill sent to Collections.,Customer reported: Final Bill sent to Collections.. Device: Cancel. Investigation revealed configuration error.,Low,Configuration error,Pay immediately; Dispute mark on Credit Report.,10,2024-06-22T00:00:00,2024-06-22T17:55:00,1075,0
INC00110,Wireless,Transfer - Transfer of Service (TOS) failed.,Customer reported: Transfer of Service (TOS) failed.. Device: Transfer. Investigation revealed configuration error.,Low,Configuration error,Both parties must be on line (888-832-4540).,10,2024-05-07T00:00:00,2024-05-08T05:09:00,1749,0
INC00111,Wireless,Tech - Tech missed 8-12 appointment.,Customer reported: Tech missed 8-12 appointment.. Device: Tech. Investigation revealed configuration error.,Low,Configuration error,"Call Dispatch; Request $50 ""Missed Appt"" credit.",10,2024-04-07T00:00:00,2024-04-10T04:13:00,4573,0
INC00112,Wireless,"Store - ""System Down"" cannot process cash.","Customer reported: ""System Down"" cannot process cash.. Device: Store. Investigation revealed configuration error.",Low,Configuration error,Use Kiosk; Use App to pay bill.,10,2024-08-17T00:00:00,2024-08-17T22:08:00,1328,0
INC00113,Wireless,"Login - ""Secret Question"" forgotten.","Customer reported: ""Secret Question"" forgotten.. Device: Login. Investigation revealed configuration error.",Low,Configuration error,Reset via PIN sent to device; Visit store with ID.,10,2024-08-04T00:00:00,2024-08-05T04:03:00,1683,0
INC00114,Wireless,"App - ""Something went wrong"" red banner.","Customer reported: ""Something went wrong"" red banner.. Device: App. Investigation revealed configuration error.",Low,Configuration error,Uninstall/Reinstall App; VPN conflict (Turn off VPN).,10,2024-05-22T00:00:00,2024-05-24T18:09:00,3969,0
INC00115,Wireless,"iPhone 13 - ""Last Line No Longer Available"".","Customer reported: ""Last Line No Longer Available"".. Device: iPhone 13. Investigation revealed network settings.",Low,network settings,Clear Recent Calls list; Reset Network Settings.,2,2024-05-07T00:00:00,2024-05-07T13:17:00,797,0
INC00116,Wireless,Galaxy S22 - Text messages sending to wrong person.,Customer reported: Text messages sending to wrong person.. Device: Galaxy S22. Investigation revealed configuration error.,Low,Configuration error,Delete Contact; Delete Thread; Re-create Contact.,10,2024-08-14T00:00:00,2024-08-17T06:08:00,4688,0
INC00117,Wireless,"Pixel 7 - ""Pixel Stand"" not charging fast.","Customer reported: ""Pixel Stand"" not charging fast.. Device: Pixel 7. Investigation revealed configuration error.",Low,Configuration error,"Disable ""Adaptive Charging""; Check case thickness.",10,2024-02-20T00:00:00,2024-02-20T09:54:00,594,0
INC00118,Wireless,iPhone 15 - Titanium bezel discoloration.,Customer reported: Titanium bezel discoloration.. Device: iPhone 15. Investigation revealed configuration error.,Low,Configuration error,Cosmetic (Oil from skin); Wipe with damp cloth.,10,2024-10-03T00:00:00,2024-10-03T05:00:00,300,0
INC00119,Wireless,iPad - Apple Pencil not pairing.,Customer reported: Apple Pencil not pairing.. Device: iPad. Investigation revealed configuration error.,Low,Configuration error,Forget Device; Charge Pencil on side; Restart iPad.,10,2024-02-17T00:00:00,2024-02-18T11:16:00,2116,0
INC00120,Fios,Wiring - Ethernet wall jack dead.,Customer reported: Ethernet wall jack dead.. Device: Wiring. Investigation revealed configuration error.,Low,Configuration error,Terminate keystones; Punch down tool required.,3,2024-03-26T00:00:00,2024-03-28T10:29:00,3509,0
INC00121,Fios,ONT - Power Supply unit missing cover.,Customer reported: Power Supply unit missing cover.. Device: ONT. Investigation revealed configuration error.,Low,Configuration error,Cosmetic; Request replacement if battery exposed.,3,2024-09-05T00:00:00,2024-09-07T20:43:00,4123,0
INC00122,Fios,Speed - Slow upload on Wi-Fi (Intel card).,Customer reported: Slow upload on Wi-Fi (Intel card).. Device: Speed. Investigation revealed configuration error.,High,Configuration error,"Update Drivers; Disable ""Packet Coalescing"".",3,2024-04-19T00:00:00,2024-04-20T07:22:00,1882,1
INC00123,Fios,TV - Widget (Netflix) load failure.,Customer reported: Widget (Netflix) load failure.. Device: TV. Investigation revealed configuration error.,Critical,Configuration error,Refresh Widgets (Menu > Support > Tools).,3,2024-03-25T00:00:00,2024-03-25T14:56:00,896,0
INC00124,Fios,Bill - Regional Sports Fee increased.,Customer reported: Regional Sports Fee increased.. Device: Bill. Investigation revealed configuration error.,Low,Configuration error,Mandatory fee; Cannot remove unless cancelling TV.,3,2024-07-18T00:00:00,2024-07-19T15:12:00,2352,0
INC00125,Fios,Move - Service not active at new house.,Customer reported: Service not active at new house.. Device: Move. Investigation revealed configuration error.,Low,Configuration error,"Check Move Order date; Activate via ""Walled Garden"" page.",3,2024-08-20T00:00:00,2024-08-21T17:56:00,2516,0
INC00126,Wireless,"Gateway - ""Update Failed"" message.","Customer reported: ""Update Failed"" message.. Device: Gateway. Investigation revealed configuration error.",Low,Configuration error,Factory Reset; Let sit overnight for OTA update.,10,2024-08-04T00:00:00,2024-08-07T06:52:00,4732,0
INC00127,Wireless,Signal - Signal drops in rain/snow.,Customer reported: Signal drops in rain/snow.. Device: Signal. Investigation revealed configuration error.,Low,Configuration error,mmWave attenuation; Fallback to LTE is normal.,10,2024-09-06T00:00:00,2024-09-07T00:08:00,1448,0
INC00128,Wireless,Speed - 300Mbps cap vs 1Gbps ad.,Customer reported: 300Mbps cap vs 1Gbps ad.. Device: Speed. Investigation revealed configuration error.,Low,Configuration error,"Check plan (""Plus"" = up to 300; ""Pro"" = up to 1000).",10,2024-04-07T00:00:00,2024-04-08T19:30:00,2610,0
INC00129,Wireless,Device - Roku TV won't connect.,Customer reported: Roku TV won't connect.. Device: Device. Investigation revealed configuration error.,Low,Configuration error,Disable WPA3; Use WPA2-AES security.,10,2024-04-21T00:00:00,2024-04-21T10:59:00,659,0
INC00130,Wireless,VPN - Work VPN keeps dropping.,Customer reported: Work VPN keeps dropping.. Device: VPN. Investigation revealed configuration error.,Low,Configuration error,Lower MTU size to 1428 on VPN client.,10,2024-10-23T00:00:00,2024-10-26T05:01:00,4621,0
INC00131,Wireless,Payment - Payment posted to wrong account.,Customer reported: Payment posted to wrong account.. Device: Payment. Investigation revealed configuration error.,Low,Configuration error,"""Payment Investigation"" request; Provide Proof of Payment.",10,2024-02-01T00:00:00,2024-02-02T21:49:00,2749,0
INC00132,Wireless,Refund - Refund to closed card.,Customer reported: Refund to closed card.. Device: Refund. Investigation revealed configuration error.,Low,Configuration error,Request Check refund; Bank will reject to VZ.,10,2024-01-30T00:00:00,2024-01-30T09:50:00,590,0
INC00133,Wireless,Tax - Tax rate incorrect for Zip Code.,Customer reported: Tax rate incorrect for Zip Code.. Device: Tax. Investigation revealed configuration error.,Low,Configuration error,"""Tax Exemption/Correction"" ticket with proof of residency.",10,2024-10-26T00:00:00,2024-10-28T20:05:00,4085,0
INC00134,Wireless,Corporate - Employee Discount (20%) missing.,Customer reported: Employee Discount (20%) missing.. Device: Corporate. Investigation revealed configuration error.,Low,Configuration error,"Re-validate work email via ""Connections"" portal.",10,2024-09-14T00:00:00,2024-09-17T03:30:00,4530,0
INC00135,Wireless,Prepaid - Balance lost on conversion to Postpaid.,Customer reported: Balance lost on conversion to Postpaid.. Device: Prepaid. Investigation revealed configuration error.,Low,Configuration error,Unused prepaid funds do not transfer; Use before switch.,10,2024-03-21T00:00:00,2024-03-21T10:45:00,645,0
INC00136,Wireless,Chat - Chat disconnects on screen lock.,Customer reported: Chat disconnects on screen lock.. Device: Chat. Investigation revealed configuration error.,Critical,Configuration error,"Change Display Timeout to ""Never"" during chat.",10,2024-09-17T00:00:00,2024-09-17T04:44:00,284,1
INC00137,Wireless,Language - Spanish rep needed.,Customer reported: Spanish rep needed.. Device: Language. Investigation revealed configuration error.,Low,Configuration error,"Call 800-922-0204; Say ""Spanish"" (EspaÃ±ol).",10,2024-02-05T00:00:00,2024-02-08T12:14:00,5054,0
INC00138,Wireless,Accessibility - Braille bill not received.,Customer reported: Braille bill not received.. Device: Accessibility. Investigation revealed configuration error.,Low,Configuration error,Update Profile > Accessibility preferences.,10,2024-02-04T00:00:00,2024-02-07T23:11:00,5711,0
INC00139,Wireless,Executive - Email to CEO ignored.,Customer reported: Email to CEO ignored.. Device: Executive. Investigation revealed configuration error.,Low,Configuration error,Executive Relations calls within 24-48 business hours.,10,2024-04-30T00:00:00,2024-05-02T10:07:00,3487,0
INC00140,Wireless,Store - Store refuses cash payment.,Customer reported: Store refuses cash payment.. Device: Store. Investigation revealed configuration error.,Low,Configuration error,Legal (Private business); Must use Kiosk or Card.,10,2024-03-02T00:00:00,2024-03-05T08:46:00,4846,0
INC00141,Wireless,iPhone 12 Pro - MagSafe wallet falls off.,Customer reported: MagSafe wallet falls off.. Device: iPhone 12 Pro. Investigation revealed configuration error.,Low,Configuration error,Case magnet weak; Replace case.,10,2024-05-06T00:00:00,2024-05-09T10:02:00,4922,0
INC00142,Wireless,Galaxy Fold 5 - Screen crease cracking.,Customer reported: Screen crease cracking.. Device: Galaxy Fold 5. Investigation revealed configuration error.,Low,Configuration error,Warranty replacement (if no impact damage).,10,2024-10-31T00:00:00,2024-10-31T08:25:00,505,0
INC00143,Wireless,Pixel Fold - Inner screen dead pixels.,Customer reported: Inner screen dead pixels.. Device: Pixel Fold. Investigation revealed configuration error.,Low,Configuration error,Warranty replacement.,10,2024-11-13T00:00:00,2024-11-13T14:11:00,851,0
INC00144,Wireless,"iPhone 14 - ""Crash Detection"" false alarm (Rollercoaster).","Customer reported: ""Crash Detection"" false alarm (Rollercoaster).. Device: iPhone 14. Investigation revealed configuration error.",Low,Configuration error,Update iOS; Disable feature at theme parks.,10,2024-08-02T00:00:00,2024-08-05T20:45:00,5565,0
INC00145,Wireless,Galaxy S20 - Battery swollen (Back glass lifting).,Customer reported: Battery swollen (Back glass lifting).. Device: Galaxy S20. Investigation revealed configuration error.,Low,Configuration error,Battery replacement (Hazard); Do not charge.,10,2024-10-25T00:00:00,2024-10-28T08:10:00,4810,0
INC00146,Fios,Router - Guest Network has no internet.,Customer reported: Guest Network has no internet.. Device: Router. Investigation revealed configuration error.,Low,Configuration error,"Check ""Isolation"" setting; Reboot Router.",3,2024-09-24T00:00:00,2024-09-25T22:11:00,2771,0
INC00147,Fios,"TV - ""Emergency Alert"" freezes box.","Customer reported: ""Emergency Alert"" freezes box.. Device: TV. Investigation revealed configuration error.",Low,Configuration error,Power cycle STB.,3,2024-05-13T00:00:00,2024-05-14T06:53:00,1853,0
INC00148,Fios,Guide - Channel logos missing.,Customer reported: Channel logos missing.. Device: Guide. Investigation revealed configuration error.,Low,Configuration error,Auto-correct STB via Menu.,3,2024-06-09T00:00:00,2024-06-10T11:35:00,2135,0
INC00149,Fios,On Demand - Rental purchased by accident.,Customer reported: Rental purchased by accident.. Device: On Demand. Investigation revealed configuration error.,Low,Configuration error,Call Billing; One-time courtesy credit.,3,2024-05-15T00:00:00,2024-05-17T09:02:00,3422,0
INC00150,Fios,Hardware - Router fan failed (Red Light).,Customer reported: Router fan failed (Red Light).. Device: Hardware. Investigation revealed configuration error.,Low,Configuration error,Replace Router immediately (Overheat risk).,3,2024-03-08T00:00:00,2024-03-11T22:42:00,5682,0
INC00151,Wireless,Wireless - SOS Mode Loop (Stuck on SOS),Customer reported: SOS Mode Loop (Stuck on SOS). Category: Wireless. Investigation revealed network settings.,Critical,network settings,Reset Network Settings; Toggle Airplane Mode (15s); Re-provision eSIM or replace physical SIM card.,2,2024-11-26T00:00:00,2024-11-26T12:14:00,734,0
INC00152,Wireless,Wireless - 5G/4G Rapid Toggling (Battery Drain),Customer reported: 5G/4G Rapid Toggling (Battery Drain). Category: Wireless. Investigation revealed network configuration.,High,Network configuration,"Switch Cellular Data Options to ""5G Auto"" or ""LTE Only"" to stop hunting for weak 5G signals.",9,2024-02-07T00:00:00,2024-02-07T04:38:00,278,0
INC00153,Wireless,Wireless - False 5G UW Icon (Slow Speeds),Customer reported: False 5G UW Icon (Slow Speeds). Category: Wireless. Investigation revealed network configuration.,High,Network configuration,Reset carrier settings; Check for local tower congestion; Re-latch to network via Power Cycle.,9,2024-10-15T00:00:00,2024-10-15T10:49:00,649,0
INC00154,Wireless,"Wireless - eSIM ""Activating"" Hang (24hr+)","Customer reported: eSIM ""Activating"" Hang (24hr+). Category: Wireless. Investigation revealed esim provisioning issue.",Critical,eSIM provisioning issue,"Delete stalled eSIM; Request ""Push"" activation via QR code from Tier 2 technical support.",1,2024-04-19T00:00:00,2024-04-19T19:16:00,1156,0
INC00155,Wireless,Wireless - Visual Voicemail Sync Lag,Customer reported: Visual Voicemail Sync Lag. Category: Wireless. Investigation revealed network configuration.,Medium,Network configuration,"Toggle ""Cellular Data"" off/on; Update Carrier Settings (General > About); Reset VVM via dialer (*86).",9,2024-06-27T00:00:00,2024-06-29T20:08:00,4088,0
INC00156,Wireless,Wireless - SMS/MMS 2FA codes not arriving,Customer reported: SMS/MMS 2FA codes not arriving. Category: Wireless. Investigation revealed configuration error.,Medium,Configuration error,"Check ""Blocked"" numbers; Contact support to ""Sync Messaging Profile"" on account back-end.",10,2024-02-05T00:00:00,2024-02-07T20:01:00,4081,0
INC00157,Wireless,Wireless - Wi-Fi Calling Hand-off Drops,Customer reported: Wi-Fi Calling Hand-off Drops. Category: Wireless. Investigation revealed configuration error.,Low,Configuration error,"Disable ""Wi-Fi Assist"" (iOS) or ""Adaptive Wi-Fi"" (Android) to prevent premature switching.",10,2024-05-05T00:00:00,2024-05-07T05:27:00,3207,0
INC00158,Wireless,Wireless - Deprioritization Stalls on Unlimited,Customer reported: Deprioritization Stalls on Unlimited. Category: Wireless. Investigation revealed configuration error.,High,Configuration error,"Upgrade to ""Premium"" data tier (Welcome -> Plus) to regain QCI-8 (High Priority) network status.",10,2024-05-25T00:00:00,2024-05-25T14:46:00,886,0
INC00159,Wireless,Wireless - Network Extender GPS Lock Failure,Customer reported: Network Extender GPS Lock Failure. Category: Wireless. Investigation revealed configuration error.,Critical,Configuration error,"Place GPS antenna near window; Open UDP Ports 123, 500, and 4500 on home router firewall.",10,2024-10-05T00:00:00,2024-10-05T12:19:00,739,1
INC00160,Wireless,Wireless - International TravelPass No Data,Customer reported: International TravelPass No Data. Category: Wireless. Investigation revealed configuration error.,Low,Configuration error,"Manually select a local carrier in ""Network Selection"" settings instead of ""Automatic.""",10,2024-09-27T00:00:00,2024-09-27T04:04:00,244,0
INC00161,Fios,"Fios - CR1000 ""Yellow Light"" (No Internet)","Customer reported: CR1000 ""Yellow Light"" (No Internet). Category: Fios. Investigation revealed ip lease issue.",Low,IP lease issue,"Power cycle ONT first, then Router; check for IP lease exhaustion in router admin (192.168.1.1).",8,2024-10-10T00:00:00,2024-10-11T19:52:00,2632,0
INC00162,Fios,Fios - IPv6 Latency/Lag (Intel NICs),Customer reported: IPv6 Latency/Lag (Intel NICs). Category: Fios. Investigation revealed configuration error.,High,Configuration error,Access router settings and Disable IPv6; force network to use IPv4 only for stable pings.,3,2024-02-23T00:00:00,2024-02-23T13:10:00,790,0
INC00163,Fios,"Fios - ONT ""Red Fail"" Light","Customer reported: ONT ""Red Fail"" Light. Category: Fios. Investigation revealed hardware failure.",Low,Hardware failure,"Reseat fiber optic cable; if persistent, ONT requires hardware replacement due to ""Low Light"" signal.",16,2024-02-24T00:00:00,2024-02-27T06:32:00,4712,0
INC00164,Wireless,Home Int. - 5G Home Gateway Overheating,Customer reported: 5G Home Gateway Overheating. Category: Home Int.. Investigation revealed hardware failure.,Low,Hardware failure,Move unit away from direct sunlight; ensure bottom vents are not blocked by carpet or clutter.,6,2024-03-20T00:00:00,2024-03-21T16:11:00,2411,0
INC00165,Wireless,"Home Int. - Gateway ""Geo-Fence"" Error","Customer reported: Gateway ""Geo-Fence"" Error. Category: Home Int.. Investigation revealed hardware failure.",Low,Hardware failure,"Contact support to ""Refresh Location"" if moving unit within the same home triggered a lock.",6,2024-05-24T00:00:00,2024-05-27T13:34:00,5134,0
INC00166,Wireless,Billing - Missing Trade-In Credits,Customer reported: Missing Trade-In Credits. Category: Billing. Investigation revealed configuration error.,Low,Configuration error,"Request a ""PCA"" (Promotion Correction Action) form; requires IMEI of old device and tracking #.",10,2024-04-17T00:00:00,2024-04-19T01:48:00,2988,0
INC00167,Wireless,Billing - Autopay Discount Loss ($10),Customer reported: Autopay Discount Loss ($10). Category: Billing. Investigation revealed configuration error.,Low,Configuration error,Re-link a Debit Card or Verizon Visa; Credit Cards (non-VZ) are now ineligible for discount.,10,2024-04-14T00:00:00,2024-04-17T17:35:00,5375,0
INC00168,Wireless,"Billing - ""Legacy"" Surcharge ($4/line)","Customer reported: ""Legacy"" Surcharge ($4/line). Category: Billing. Investigation revealed configuration error.",Low,Configuration error,"Move to a ""myPlan"" (Welcome/Plus/Ultimate) tier; legacy plans are being phased out via fees.",10,2024-05-15T00:00:00,2024-05-18T00:00:00,4320,0
INC00169,Wireless,Billing - One Verizon ID Login Loop,Customer reported: One Verizon ID Login Loop. Category: Billing. Investigation revealed configuration error.,Critical,Configuration error,"De-register the Fios ID and Wireless ID; re-register using a single, non-shared email address.",10,2024-09-07T00:00:00,2024-09-07T10:34:00,634,1
INC00170,Wireless,Support - Rep Promised Discount Not Applied,Customer reported: Rep Promised Discount Not Applied. Category: Support. Investigation revealed configuration error.,Low,Configuration error,"Reference the ""Interaction ID"" or Chat Transcript; file a ""Notice of Dispute"" for credit back-dating.",10,2024-01-27T00:00:00,2024-01-27T15:36:00,936,0
INC00171,Wireless,Wireless - Calls going straight to Voicemail,Customer reported: Calls going straight to Voicemail. Category: Wireless. Investigation revealed network settings.,Low,network settings,"Disable ""Silence Unknown Callers""; Reset Network Settings to clear stale HLR (Home Location Register).",2,2024-11-20T00:00:00,2024-11-22T12:49:00,3649,0
INC00172,Wireless,"Wireless - ""Potential Spam"" Caller ID (Outgoing)","Customer reported: ""Potential Spam"" Caller ID (Outgoing). Category: Wireless. Investigation revealed configuration error.",Low,Configuration error,"Register number with ""Free Caller Registry"" (standard for major carriers) to clear reputation.",10,2024-05-21T00:00:00,2024-05-21T09:01:00,541,0
INC00173,Wireless,Wireless - Mismatched Coverage Maps,Customer reported: Mismatched Coverage Maps. Category: Wireless. Investigation revealed tower congestion.,Low,Tower congestion,"Install ""Cell Mapper"" to verify local towers; submit ""Network Inquiry"" ticket via the My Verizon app.",11,2024-01-02T00:00:00,2024-01-04T00:32:00,2912,0
INC00174,Wireless,Wireless - Carrier Settings Update Loop,Customer reported: Carrier Settings Update Loop. Category: Wireless. Investigation revealed network configuration.,Critical,Network configuration,Connect to iTunes/Finder; sync device to force-push latest .ipcc carrier bundle files.,9,2024-03-07T00:00:00,2024-03-07T23:44:00,1424,1
INC00175,Wireless,"Wireless - 5G UW signal ""Shadowing"" (Leaves/Trees)","Customer reported: 5G UW signal ""Shadowing"" (Leaves/Trees). Category: Wireless. Investigation revealed configuration error.",Low,Configuration error,"Use ""C-Band"" (Mid-band) instead of mmWave; move closer to a window with line-of-sight to the small cell.",10,2024-03-23T00:00:00,2024-03-25T15:19:00,3799,0
INC00176,Wireless,Fios - Wi-Fi SON Conflict (2.4GHz devices),Customer reported: Wi-Fi SON Conflict (2.4GHz devices). Category: Fios. Investigation revealed configuration error.,Low,Configuration error,"Disable ""Self-Organizing Network"" in Fios settings; create separate SSIDs for 2.4GHz and 5GHz.",10,2024-10-09T00:00:00,2024-10-11T13:23:00,3683,0
INC00177,Fios,Fios - Bufferbloat on 500Mbps+ plans,Customer reported: Bufferbloat on 500Mbps+ plans. Category: Fios. Investigation revealed configuration error.,Low,Configuration error,"Enable ""SQM"" or ""Quality of Service"" (QoS) on a 3rd party router (Bridge Mode) to manage traffic.",3,2024-10-14T00:00:00,2024-10-14T04:19:00,259,0
INC00178,Fios,"Fios - Cloud DVR ""Recording Error""","Customer reported: Cloud DVR ""Recording Error"". Category: Fios. Investigation revealed configuration error.",Low,Configuration error,"Perform ""STB Auto-Correction"" via the Help menu on the Fios TV remote.",3,2024-02-27T00:00:00,2024-02-27T13:16:00,796,0
INC00179,Fios,Fios - Remote won't control Volume,Customer reported: Remote won't control Volume. Category: Fios. Investigation revealed configuration error.,Low,Configuration error,"Re-pair via ""Bluetooth/Voice Remote"" settings; use code search for specific Soundbar/TV brands.",3,2024-03-17T00:00:00,2024-03-20T05:29:00,4649,0
INC00180,Wireless,Home Int. - High Jitter for Gaming,Customer reported: High Jitter for Gaming. Category: Home Int.. Investigation revealed hardware failure.,High,Hardware failure,"Use Ethernet instead of Wi-Fi; check ""NAT Type"" (aim for Type 2/Open) in gateway settings.",6,2024-01-19T00:00:00,2024-01-20T05:12:00,1752,0
INC00181,Wireless,"Wireless - SIM Card ""Not Valid"" after 1 year","Customer reported: SIM Card ""Not Valid"" after 1 year. Category: Wireless. Investigation revealed esim provisioning issue.",Low,eSIM provisioning issue,Physical SIM wear-and-tear; migrate to eSIM via My Verizon app for digital stability.,1,2024-03-16T00:00:00,2024-03-18T13:40:00,3700,0
INC00182,Wireless,"Wireless - ""No Service"" after Software Update","Customer reported: ""No Service"" after Software Update. Category: Wireless. Investigation revealed software bug.",Low,Software bug,"Perform ""Hard Reboot"" (Vol Up, Vol Down, Hold Power); check for Day-1 patch from Apple/Samsung.",6,2024-03-06T00:00:00,2024-03-06T08:42:00,522,0
INC00183,Wireless,Wireless - VoLTE Hissing/Static,Customer reported: VoLTE Hissing/Static. Category: Wireless. Investigation revealed configuration error.,Low,Configuration error,"Disable ""HD Voice"" temporarily if the other party is on a non-interoperable carrier (e.g., VoIP lines).",10,2024-06-06T00:00:00,2024-06-08T04:47:00,3167,0
INC00184,Wireless,Wireless - Port-In Stuck (from MVNO),Customer reported: Port-In Stuck (from MVNO). Category: Wireless. Investigation revealed configuration error.,Critical,Configuration error,"Verify ""Port Pin"" and ""Account Number"" with previous carrier; manual release required by VZ Port Center.",10,2024-01-21T00:00:00,2024-01-21T14:12:00,852,0
INC00185,Wireless,Wireless - 480p Video Cap on 5G,Customer reported: 480p Video Cap on 5G. Category: Wireless. Investigation revealed configuration error.,Low,Configuration error,"Enable ""Maximum Data Throughput"" or ""4K Streaming"" toggle in My Verizon Plan Add-ons.",10,2024-05-07T00:00:00,2024-05-10T22:03:00,5643,0
INC00186,Fios,Fios - Ethernet Port Failure on Router,Customer reported: Ethernet Port Failure on Router. Category: Fios. Investigation revealed configuration error.,Critical,Configuration error,"Test with different Cat6 cable; if no link light, request router replacement (RMA).",3,2024-02-22T00:00:00,2024-02-22T14:04:00,844,1
INC00187,Fios,Fios - Hidden SSID still visible,Customer reported: Hidden SSID still visible. Category: Fios. Investigation revealed configuration error.,Low,Configuration error,"Disable ""WPS"" and ""SSID Broadcast""; some beacons are required for Fios TV boxes to function.",3,2024-07-27T00:00:00,2024-07-30T15:44:00,5264,0
INC00188,Fios,Fios - ONT Battery Beeping,Customer reported: ONT Battery Beeping. Category: Fios. Investigation revealed configuration error.,Low,Configuration error,Replace 12V 7Ah lead-acid battery; or unplug BBU if Fios is Data-only (No Phone).,3,2024-03-20T00:00:00,2024-03-21T11:19:00,2119,0
INC00189,Wireless,"Billing - Disney+ Bundle ""Double Charge""","Customer reported: Disney+ Bundle ""Double Charge"". Category: Billing. Investigation revealed configuration error.",Low,Configuration error,Ensure the email used for Disney+ matches the Verizon primary account email exactly.,10,2024-03-24T00:00:00,2024-03-25T03:10:00,1630,0
INC00190,Wireless,"Billing - ""Pending Order"" Blocking Changes","Customer reported: ""Pending Order"" Blocking Changes. Category: Billing. Investigation revealed configuration error.",Critical,Configuration error,"Call ""Core"" support to ""Kill"" the stuck order in the ACSS/OMNI billing system.",10,2024-07-30T00:00:00,2024-07-30T02:50:00,170,0
INC00191,Wireless,Various - (Expansion of previous 50),Customer reported: (Expansion of previous 50). Category: Various. Investigation revealed cache corruption.,Medium,Cache corruption,"Resolutions include: RMA hardware, clearing cache, re-syncing network profiles, and back-end credits.",15,2024-06-19T00:00:00,2024-06-21T13:24:00,3684,0
INC00192,Wireless,Business - Static IP Setup Errors,Customer reported: Static IP Setup Errors. Category: Business. Investigation revealed hardware failure.,Low,Hardware failure,"Manual configuration of Gateway into ""IP Passthrough"" mode; requires Level 3 Tech support.",6,2024-07-29T00:00:00,2024-08-01T22:27:00,5667,0
INC00193,Wireless,"Support - Technical ""Black Hole"" Tickets","Customer reported: Technical ""Black Hole"" Tickets. Category: Support. Investigation revealed configuration error.",Low,Configuration error,"Escalation to ""Executive Relations"" via the corporate ""Contact Us"" feedback form.",10,2024-05-07T00:00:00,2024-05-08T15:25:00,2365,0
INC00194,Wireless,Wireless - Satellite SOS Mode Interference,Customer reported: Satellite SOS Mode Interference. Category: Wireless. Investigation revealed configuration error.,Critical,Configuration error,"Disable ""Satellite Connection"" in settings when in urban areas with high RF noise.",10,2024-03-22T00:00:00,2024-03-22T05:41:00,341,0
INC00195,Wireless,Wireless - RCS Messaging failing on Samsung,Customer reported: RCS Messaging failing on Samsung. Category: Wireless. Investigation revealed cache corruption.,Low,Cache corruption,"Update ""Carrier Services"" app from Play Store; Clear cache of Google Messages app.",15,2024-01-20T00:00:00,2024-01-22T19:15:00,4035,0
INC00196,Wireless,"Wireless - Dual-SIM ""No Data"" on Line 2","Customer reported: Dual-SIM ""No Data"" on Line 2. Category: Wireless. Investigation revealed configuration error.",Low,Configuration error,"Check ""Data Switching"" toggle; ensure APN settings for line 2 are correctly populated.",10,2024-04-23T00:00:00,2024-04-24T06:14:00,1814,0
INC00197,Wireless,Wireless - Hotspot Disconnecting after 10m,Customer reported: Hotspot Disconnecting after 10m. Category: Wireless. Investigation revealed configuration error.,Critical,Configuration error,"Change ""Hotspot Timeout"" to ""Never"" in device advanced connection settings.",10,2024-08-23T00:00:00,2024-08-23T13:56:00,836,0
INC00198,Wireless,Wireless - Number Share (Watch) sync failure,Customer reported: Number Share (Watch) sync failure. Category: Wireless. Investigation revealed configuration error.,Critical,Configuration error,"Re-pair via Wearable App; ""Remove and Re-add"" cellular plan on Apple/Galaxy Watch.",10,2024-04-26T00:00:00,2024-04-26T09:36:00,576,0
INC00199,Wireless,"Wireless - Call Dropping on ""Handover""","Customer reported: Call Dropping on ""Handover"". Category: Wireless. Investigation revealed configuration error.",Low,Configuration error,Update PRL (Preferred Roaming List) by dialing *228 (Legacy) or power cycling.,10,2024-04-08T00:00:00,2024-04-10T09:24:00,3444,0
INC00200,Wireless,"Wireless - Voicemail ""Greeting"" Not Saving","Customer reported: Voicemail ""Greeting"" Not Saving. Category: Wireless. Investigation revealed configuration error.",Medium,Configuration error,Record greeting via phone dialer rather than the app; sync with server by calling your own #.,10,2024-06-17T00:00:00,2024-06-18T03:01:00,1621,0
INC00201,Wireless,"Wireless - LTE Extender ""No IP""","Customer reported: LTE Extender ""No IP"". Category: Wireless. Investigation revealed configuration error.",Low,Configuration error,Assign a Static IP to the Extender's MAC address in your routerâs DHCP settings.,10,2024-02-05T00:00:00,2024-02-06T17:06:00,2466,0
INC00202,Wireless,Wireless - Mismatched Caller ID (Name),Customer reported: Mismatched Caller ID (Name). Category: Wireless. Investigation revealed configuration error.,Low,Configuration error,"Update ""Share Name ID"" in the My Verizon app under Line Settings.",10,2024-06-28T00:00:00,2024-07-01T18:35:00,5435,0
INC00203,Wireless,Wireless - App Store/Play Store slow on 5G,Customer reported: App Store/Play Store slow on 5G. Category: Wireless. Investigation revealed configuration error.,High,Configuration error,"Disable ""Data Saver"" mode; check for specific VZW ""Video Optimizer"" throttling.",10,2024-09-17T00:00:00,2024-09-18T07:17:00,1877,1
INC00204,Fios,"Fios - ""MoCA"" Link Light off","Customer reported: ""MoCA"" Link Light off. Category: Fios. Investigation revealed splitter issue.",Low,Splitter issue,Check coax splitters; ensure they are 5-1675MHz rated for Fios MoCA 2.0/2.5.,4,2024-10-01T00:00:00,2024-10-03T00:12:00,2892,0
INC00205,Fios,"Fios - TV Guide ""No Data""","Customer reported: TV Guide ""No Data"". Category: Fios. Investigation revealed configuration error.",Low,Configuration error,Unplug STB for 30s; force re-download of OOB (Out-of-Band) data from the ONT.,3,2024-01-15T00:00:00,2024-01-15T18:44:00,1124,0
INC00206,Fios,Fios - ONT Overheating in Attic,Customer reported: ONT Overheating in Attic. Category: Fios. Investigation revealed configuration error.,Low,Configuration error,Move ONT to a climate-controlled room or add an active cooling fan to the enclosure.,3,2024-05-13T00:00:00,2024-05-14T03:22:00,1642,0
INC00207,Fios,Fios - Low Upload on 1G Plan,Customer reported: Low Upload on 1G Plan. Category: Fios. Investigation revealed configuration error.,Low,Configuration error,"Replace old Cat5e cables with Cat6; check for ""Half-Duplex"" errors on the NIC.",3,2024-10-24T00:00:00,2024-10-25T15:14:00,2354,0
INC00208,Fios,"Fios - Multi-Room DVR ""Box Not Found""","Customer reported: Multi-Room DVR ""Box Not Found"". Category: Fios. Investigation revealed configuration error.",Low,Configuration error,"Ensure all boxes are on the same subnet (192.168.1.x) and ""IGMP Snooping"" is on.",3,2024-01-20T00:00:00,2024-01-20T17:48:00,1068,0
INC00209,Fios,"Fios - Remote Voice Search ""Network Error""","Customer reported: Remote Voice Search ""Network Error"". Category: Fios. Investigation revealed configuration error.",Low,Configuration error,Reset the Fios TV One box; re-authenticate the Verizon ID via the on-screen menu.,3,2024-11-01T00:00:00,2024-11-03T14:19:00,3739,0
INC00210,Fios,Fios - Fiber Micro-bend (Slow Data),Customer reported: Fiber Micro-bend (Slow Data). Category: Fios. Investigation revealed configuration error.,High,Configuration error,Technician must re-splice the fiber end or replace the jumper cable from the wall.,3,2024-06-25T00:00:00,2024-06-26T01:24:00,1524,0
INC00211,Fios,"Fios - ONT ""Video"" Light Red","Customer reported: ONT ""Video"" Light Red. Category: Fios. Investigation revealed splitter issue.",Low,Splitter issue,"Check coax connection; if data works, the ""RF Video"" signal from the ONT is failing.",4,2024-09-18T00:00:00,2024-09-18T18:47:00,1127,0
INC00212,Fios,Fios - 2Gbps Plan speed not reaching,Customer reported: 2Gbps Plan speed not reaching. Category: Fios. Investigation revealed configuration error.,Low,Configuration error,Requires 2.5GbE/10GbE Network Card and Router; standard Gigabit ports will cap at 940Mbps.,3,2024-07-16T00:00:00,2024-07-19T09:43:00,4903,0
INC00213,Fios,Fios - Guest Wi-Fi No Internet,Customer reported: Guest Wi-Fi No Internet. Category: Fios. Investigation revealed configuration error.,Low,Configuration error,"Check ""VLAN Isolation"" settings; ensure Guest SSID is not conflicting with IoT SSID.",3,2024-04-07T00:00:00,2024-04-08T13:46:00,2266,0
INC00214,Wireless,Home Int. - Signal Jitter/Gateway Bugs,Customer reported: Signal Jitter/Gateway Bugs. Category: Home Int.. Investigation revealed hardware failure.,High,Hardware failure,"Resolutions: Factory Reset Gateway, repositioning near window, using external 4x4 MIMO antennas.",6,2024-01-23T00:00:00,2024-01-24T09:46:00,2026,0
INC00215,Wireless,Billing - Promotion/Rebate Denials,Customer reported: Promotion/Rebate Denials. Category: Billing. Investigation revealed configuration error.,Low,Configuration error,"Resolutions: Manual submission by Store Manager, filing ""PCA"" for back-dated credit.",10,2024-10-02T00:00:00,2024-10-05T22:33:00,5673,0
INC00216,Wireless,Digital - My Verizon App/Portal Glitches,Customer reported: My Verizon App/Portal Glitches. Category: Digital. Investigation revealed configuration error.,Low,Configuration error,"Resolutions: Clear browser cookies, use Incognito mode, or ""Unlink"" Fios/Wireless IDs.",10,2024-04-10T00:00:00,2024-04-12T04:43:00,3163,0
INC00217,Wireless,Category - Distinct Issue,Customer reported: Distinct Issue. Category: Category. Investigation revealed configuration error.,Low,Configuration error,Technical Resolution / Action Taken,10,2024-08-08T00:00:00,2024-08-08T12:33:00,753,0
INC00218,5GInfrastructure,5G Infrastructure - C-Band Handover Jitter: High latency when switching between ...,Customer reported: C-Band Handover Jitter: High latency when switching between 5G Nationwide and 5G Ultra Wideband.. Category: 5G Infrastructure. Investigation revealed tower congestion.,High,Tower congestion,"Res.: Network engineers must perform a ""Site Reset"" on the specific sector; user can toggle ""5G On"" instead of ""5G Auto"" to force stability.",11,2024-06-18T00:00:00,2024-06-19T22:32:00,2792,0
INC00219,5GInfrastructure,5G Infrastructure - Standalone (SA) Modem Lock: Phones refusing to latch onto th...,"Customer reported: Standalone (SA) Modem Lock: Phones refusing to latch onto the newer 5G Standalone core, resulting in slower ""Non-Standalone"" speeds.. Category: 5G Infrastructure. Investigation revealed software bug.",High,Software bug,"Res.: Update to the latest OS-level carrier bundle (e.g., VZW 58.0+); requires back-end ""Feature Add"" for 5G SA on the line profile.",19,2024-03-04T00:00:00,2024-03-05T00:30:00,1470,0
INC00220,Fios,Fios Hardware - MoCA 2.5 Backhaul Failure: Wi-Fi extenders losing the wired ...,"Customer reported: MoCA 2.5 Backhaul Failure: Wi-Fi extenders losing the wired coax backbone, dropping to slow Wi-Fi repeating.. Category: Fios Hardware. Investigation revealed splitter issue.",Critical,Splitter issue,Res.: Replace coax splitters with 1675MHz-rated units; ensure MoCA Privacy is disabled on the primary router if using 3rd party extenders.,4,2024-07-28T00:00:00,2024-07-28T13:08:00,788,0
INC00221,Fios,"Fios Hardware - ONT ""Optical Loop"" Timeout: Fiber connection drops every 24 ...","Customer reported: ONT ""Optical Loop"" Timeout: Fiber connection drops every 24 hours exactly due to IP lease renewal failure.. Category: Fios Hardware. Investigation revealed hardware failure.",Critical,Hardware failure,"Res.: Technical support must ""Break the Lease"" manually; ONT hardware replacement required if the ""Data"" light remains off after reboot.",16,2024-05-31T00:00:00,2024-05-31T20:55:00,1255,0
INC00222,Wireless,Home Internet - Fixed Wireless Prioritization: 5G Home users being dropped t...,Customer reported: Fixed Wireless Prioritization: 5G Home users being dropped to <1Mbps during peak hours while mobile users stay at 300Mbps.. Category: Home Internet. Investigation revealed tower congestion.,Critical,Tower congestion,"Res.: Move Gateway to a tower with ""Lower Utilization""; check for ""Sector Congestion"" via a Network Repair Bureau (NRB) ticket.",11,2024-08-03T00:00:00,2024-08-03T14:56:00,896,1
INC00223,HomeInternet,"Home Internet - Gateway ""Red Blinking"" Heat-Throttling: Unit loses signal en...","Customer reported: Gateway ""Red Blinking"" Heat-Throttling: Unit loses signal entirely when internal temp exceeds 105Â°F.. Category: Home Internet. Investigation revealed hardware failure.",Low,Hardware failure,Res.: Relocate gateway away from windows; use an external USB fan for active cooling; check for firmware update for thermal management.,12,2024-03-30T00:00:00,2024-04-02T15:02:00,5222,0
INC00224,Fios,Billing/Promos - Loyalty Discount Wipe (Sept 2025): Sudden removal of $20â$40...,Customer reported: Loyalty Discount Wipe (Sept 2025): Sudden removal of $20â$40 monthly discounts without plan changes.. Category: Billing/Promos. Investigation revealed configuration error.,Critical,Configuration error,"Res.: ""Retention Team"" manual override; verify if the discount was ""Limited Time"" vs ""Lifetime"" in original contract notes.",3,2024-10-18T00:00:00,2024-10-18T12:16:00,736,0
INC00225,Wireless,"Billing/Promos - Tablet Plan Price Hike: Unexpected $5/line increase on ""Pric...","Customer reported: Tablet Plan Price Hike: Unexpected $5/line increase on ""Price Protected"" tablet and smartwatch lines.. Category: Billing/Promos. Investigation revealed configuration error.",Low,Configuration error,"Res.: Filing a ""Notice of Dispute""; agents can sometimes apply a 12-month credit to offset the increase if the user is on a legacy 3-year lock.",10,2024-01-01T00:00:00,2024-01-02T20:29:00,2669,0
INC00226,Wireless,"Billing/Promos - Trade-in ""Warehouse Ghosting"": UPS shows delivery to TX/TN w...","Customer reported: Trade-in ""Warehouse Ghosting"": UPS shows delivery to TX/TN warehouse, but VZ status says ""Waiting for Device."". Category: Billing/Promos. Investigation revealed configuration error.",Low,Configuration error,"Res.: Manual ""Warehouse Research"" ticket; requires the UPS Tracking Number and IMEI to prove delivery and force credit application.",10,2024-05-26T00:00:00,2024-05-27T07:41:00,1901,0
INC00227,Wireless,"Digital/App - ""One Verizon ID"" Sync Error: Customers with Fios and Wireles...","Customer reported: ""One Verizon ID"" Sync Error: Customers with Fios and Wireless cannot see their mobile bill on the Fios portal.. Category: Digital/App. Investigation revealed cache corruption.",Medium,Cache corruption,"Res.: Clear browser cache; ""Unlink"" and ""Relink"" the accounts under a new primary email address to force a fresh database sync.",15,2024-08-08T00:00:00,2024-08-10T13:38:00,3698,0
INC00228,Wireless,"Digital/App - 2FA ""SMS Loop"" Failure: Security codes for login never arriv...","Customer reported: 2FA ""SMS Loop"" Failure: Security codes for login never arrive, locking the user out of the My Verizon app.. Category: Digital/App. Investigation revealed hardware failure.",Critical,Hardware failure,"Res.: Whitelist short-code 225-999; Tech support must ""Re-sync SMS Gateway"" for the primary account holder's line.",6,2024-10-23T00:00:00,2024-10-23T22:42:00,1362,1
INC00229,Wireless,"IoT/Wearables - NumberShare ""Vibration Sync"" Bug: Watch rings but doesn't vi...","Customer reported: NumberShare ""Vibration Sync"" Bug: Watch rings but doesn't vibrate for calls when paired with a Verizon line.. Category: IoT/Wearables. Investigation revealed configuration error.",Medium,Configuration error,"Res.: Reset ""Cellular Plan"" on Apple Watch/Galaxy Watch; ensure ""Standalone"" mode is not accidentally toggled in the VZW back-end.",10,2024-08-26T00:00:00,2024-08-27T14:09:00,2289,0
INC00230,Wireless,"Customer Care - The ""Tier 1 Loop"": Chat bots and entry-level reps refusing t...","Customer reported: The ""Tier 1 Loop"": Chat bots and entry-level reps refusing to escalate complex network issues to Tier 2.. Category: Customer Care. Investigation revealed configuration error.",Critical,Configuration error,"Res.: Request a ""Technical Supervisor""; use the keyword ""NRB Ticket"" or ""Field Technician Dispatch"" to bypass the standard script.",10,2024-08-14T00:00:00,2024-08-14T09:17:00,557,0
INC00231,Wireless,"Security/Misc - eSIM ""SIM Swap"" Fraud Alerts: False positive security alerts...","Customer reported: eSIM ""SIM Swap"" Fraud Alerts: False positive security alerts triggering account locks and line suspensions.. Category: Security/Misc. Investigation revealed esim provisioning issue.",Medium,eSIM provisioning issue,"Res.: Identity verification via in-store government ID; Fraud Department must ""Clear the Security Flag"" to restore automated provisioning.",1,2024-03-27T00:00:00,2024-03-29T04:58:00,3178,0
INC00232,5GInfrastructure,5G Infrastructure - C-Band Handover Jitter: High latency when switching between 5G Nationw...,Infrastructure issue reported: C-Band Handover Jitter: High latency when switching between 5G Nationwide and 5G Ultra Wideband.. Category: 5G Infrastructure. Root cause: tower congestion.,High,Tower congestion,"Res.: Network engineers must perform a ""Site Reset"" on the specific sector; user can toggle ""5G On"" instead of ""5G Auto"" to force stability.",11,2024-02-13T00:00:00,2024-02-13T23:22:00,1402,1
INC00233,5GInfrastructure,5G Infrastructure - Standalone (SA) Modem Lock: Phones refusing to latch onto the newer 5G...,"Infrastructure issue reported: Standalone (SA) Modem Lock: Phones refusing to latch onto the newer 5G Standalone core, resulting in slower ""Non-Standalone"" speeds.. Category: 5G Infrastructure. Root cause: software bug.",High,Software bug,"Res.: Update to the latest OS-level carrier bundle (e.g., VZW 58.0+); requires back-end ""Feature Add"" for 5G SA on the line profile.",19,2024-11-20T00:00:00,2024-11-21T22:16:00,2776,0
INC00234,Fios,Fios Hardware - MoCA 2.5 Backhaul Failure: Wi-Fi extenders losing the wired coax backb...,"Infrastructure issue reported: MoCA 2.5 Backhaul Failure: Wi-Fi extenders losing the wired coax backbone, dropping to slow Wi-Fi repeating.. Category: Fios Hardware. Root cause: splitter issue.",Critical,Splitter issue,Res.: Replace coax splitters with 1675MHz-rated units; ensure MoCA Privacy is disabled on the primary router if using 3rd party extenders.,4,2024-04-30T00:00:00,2024-04-30T12:35:00,755,0
INC00235,Fios,"Fios Hardware - ONT ""Optical Loop"" Timeout: Fiber connection drops every 24 hours exac...","Infrastructure issue reported: ONT ""Optical Loop"" Timeout: Fiber connection drops every 24 hours exactly due to IP lease renewal failure.. Category: Fios Hardware. Root cause: hardware failure.",Critical,Hardware failure,"Res.: Technical support must ""Break the Lease"" manually; ONT hardware replacement required if the ""Data"" light remains off after reboot.",16,2024-04-11T00:00:00,2024-04-11T07:01:00,421,0
INC00236,Wireless,Home Internet - Fixed Wireless Prioritization: 5G Home users being dropped to <1Mbps d...,Infrastructure issue reported: Fixed Wireless Prioritization: 5G Home users being dropped to <1Mbps during peak hours while mobile users stay at 300Mbps.. Category: Home Internet. Root cause: tower congestion.,Critical,Tower congestion,"Res.: Move Gateway to a tower with ""Lower Utilization""; check for ""Sector Congestion"" via a Network Repair Bureau (NRB) ticket.",11,2024-05-05T00:00:00,2024-05-05T18:13:00,1093,1
INC00237,HomeInternet,"Home Internet - Gateway ""Red Blinking"" Heat-Throttling: Unit loses signal entirely whe...","Infrastructure issue reported: Gateway ""Red Blinking"" Heat-Throttling: Unit loses signal entirely when internal temp exceeds 105Â°F.. Category: Home Internet. Root cause: hardware failure.",Low,Hardware failure,Res.: Relocate gateway away from windows; use an external USB fan for active cooling; check for firmware update for thermal management.,12,2024-02-07T00:00:00,2024-02-09T17:10:00,3910,0
INC00238,Fios,Billing/Promos - Loyalty Discount Wipe (Sept 2025): Sudden removal of $20â$40 monthly d...,Infrastructure issue reported: Loyalty Discount Wipe (Sept 2025): Sudden removal of $20â$40 monthly discounts without plan changes.. Category: Billing/Promos. Root cause: configuration error.,Critical,Configuration error,"Res.: ""Retention Team"" manual override; verify if the discount was ""Limited Time"" vs ""Lifetime"" in original contract notes.",3,2024-07-31T00:00:00,2024-07-31T23:29:00,1409,1
INC00239,Wireless,"Billing/Promos - Tablet Plan Price Hike: Unexpected $5/line increase on ""Price Protecte...","Infrastructure issue reported: Tablet Plan Price Hike: Unexpected $5/line increase on ""Price Protected"" tablet and smartwatch lines.. Category: Billing/Promos. Root cause: configuration error.",Low,Configuration error,"Res.: Filing a ""Notice of Dispute""; agents can sometimes apply a 12-month credit to offset the increase if the user is on a legacy 3-year lock.",10,2024-07-15T00:00:00,2024-07-17T22:29:00,4229,0
INC00240,Wireless,"Billing/Promos - Trade-in ""Warehouse Ghosting"": UPS shows delivery to TX/TN warehouse, ...","Infrastructure issue reported: Trade-in ""Warehouse Ghosting"": UPS shows delivery to TX/TN warehouse, but VZ status says ""Waiting for Device."". Category: Billing/Promos. Root cause: configuration error.",Low,Configuration error,"Res.: Manual ""Warehouse Research"" ticket; requires the UPS Tracking Number and IMEI to prove delivery and force credit application.",10,2024-07-23T00:00:00,2024-07-24T12:18:00,2178,0
INC00241,Wireless,"Digital/App - ""One Verizon ID"" Sync Error: Customers with Fios and Wireless cannot s...","Infrastructure issue reported: ""One Verizon ID"" Sync Error: Customers with Fios and Wireless cannot see their mobile bill on the Fios portal.. Category: Digital/App. Root cause: cache corruption.",Medium,Cache corruption,"Res.: Clear browser cache; ""Unlink"" and ""Relink"" the accounts under a new primary email address to force a fresh database sync.",15,2024-03-16T00:00:00,2024-03-18T04:47:00,3167,0
INC00242,Wireless,"Digital/App - 2FA ""SMS Loop"" Failure: Security codes for login never arrive, locking...","Infrastructure issue reported: 2FA ""SMS Loop"" Failure: Security codes for login never arrive, locking the user out of the My Verizon app.. Category: Digital/App. Root cause: hardware failure.",Critical,Hardware failure,"Res.: Whitelist short-code 225-999; Tech support must ""Re-sync SMS Gateway"" for the primary account holder's line.",6,2024-01-03T00:00:00,2024-01-03T05:38:00,338,1
INC00243,Wireless,"IoT/Wearables - NumberShare ""Vibration Sync"" Bug: Watch rings but doesn't vibrate for ...","Infrastructure issue reported: NumberShare ""Vibration Sync"" Bug: Watch rings but doesn't vibrate for calls when paired with a Verizon line.. Category: IoT/Wearables. Root cause: configuration error.",Medium,Configuration error,"Res.: Reset ""Cellular Plan"" on Apple Watch/Galaxy Watch; ensure ""Standalone"" mode is not accidentally toggled in the VZW back-end.",10,2024-04-22T00:00:00,2024-04-22T20:00:00,1200,0
INC00244,Wireless,"Customer Care - The ""Tier 1 Loop"": Chat bots and entry-level reps refusing to escalate...","Infrastructure issue reported: The ""Tier 1 Loop"": Chat bots and entry-level reps refusing to escalate complex network issues to Tier 2.. Category: Customer Care. Root cause: configuration error.",Critical,Configuration error,"Res.: Request a ""Technical Supervisor""; use the keyword ""NRB Ticket"" or ""Field Technician Dispatch"" to bypass the standard script.",10,2024-09-22T00:00:00,2024-09-22T17:51:00,1071,0
INC00245,Wireless,"Security/Misc - eSIM ""SIM Swap"" Fraud Alerts: False positive security alerts triggerin...","Infrastructure issue reported: eSIM ""SIM Swap"" Fraud Alerts: False positive security alerts triggering account locks and line suspensions.. Category: Security/Misc. Root cause: esim provisioning issue.",Medium,eSIM provisioning issue,"Res.: Identity verification via in-store government ID; Fraud Department must ""Clear the Security Flag"" to restore automated provisioning.",1,2024-05-07T00:00:00,2024-05-09T22:37:00,4237,0
